Title,Score,Num_reviews,Age,Pages,Language,Price_tapa_dura,Price_tapa_blanda,Price_Kindle
Aprender a leer en la Escuela de Monstruos 1 - La mascota más grandota: En letra MAYÚSCULA para aprender a leer (Libros para niños a partir de 5 años) (Montena),4.7,1020.0,,0.0,,0.0,0.0,3.32
Encuentra tu persona vitamina (F. COLECCION),4.6,4090.0, 13 anos ou mais,328.0,Español,0.0,0.0,8.54
Tu cuerpo es tuyo (11ªED) (ESPAÑOL SOMOS8),4.7,571.0, 3 - 6 anos,40.0,Español,,,
My Hero Academia nº 35 (Manga Shonen),,,9 anos ou mais,192.0,Español,0.0,7.7,0.0
Animales de la granja (Mi primer libro de pegatinas),4.5,102.0, 1 - 2 anos,8.0,Español,,,
Tengo un volcán 5 (Calita): 4,4.7,1005.0, 3 - 4 anos,26.0,,0.0,0.0,7.59
El Principito (Biblioteca Saint-Exupéry),4.7,4852.0, 7 anos ou mais,96.0,Español,0.0,0.0,1.49
Las 48 leyes del poder (FUERA DE COLECCIÓN Y ONE SHOT) (Edición en Español),4.6,3879.0,,0.0,,0.0,0.0,6.64
El caso del castillo encantado (Serie Los BuscaPistas 1),4.6,3189.0, 6 - 8 anos,96.0,,,,
Nos tratamos bien: Un cuento sobre el respeto (Cuentos infantiles),5.0,1.0,4 - 8 anos,36.0,Español,0.0,0.0,5.69
Unicornia 1 - Un lío con brilli-brilli (Montena),4.8,314.0, 6 - 7 anos,128.0,,0.0,0.0,5.69
Dinosaurios (Mi primer libro de pegatinas),4.6,432.0, 2 - 3 anos,8.0,Español,,,
Pokémon. Aventuras para colorear (Colección Pokémon),4.7,383.0, 5 - 8 anos,96.0,Español,,,
Aprender a leer en la Escuela de Monstruos 2 - Una liada de mermelada: En letra MAYÚSCULA para aprender a leer (Libros para niños a partir de 5 años) (Montena),4.8,674.0, 5 - 6 anos,48.0,,0.0,0.0,3.32
Pack ¿Puedo mirar tu pañal? con muñeco (Ratón fisgón),4.8,278.0,0 - 2 anos,32.0,,19.04,0.0,0.0
Animales salvajes (Mi primer libro de pegatinas),4.5,79.0,5 anos ou mais,8.0,Español,,,
Luna (De la cuna a la luna),4.7,1561.0, 0 - 2 anos,16.0,,,,
Hogwarts Legacy: La guía oficial del videojuego (Harry Potter),2.3,9.0,9 anos ou mais,176.0,Español,0.0,17.37,0.0
"De mayor quiero ser... feliz: 6 cuentos para potenciar la positividad y autoestima de los niños (Emociones, valores y hábitos)",4.8,2829.0, 4 - 6 anos,120.0,,0.0,0.0,0.0
Harry Potter y la piedra filosofal,4.7,8809.0, 8 anos ou mais,314.0,,0.0,0.0,0.0
Kaiju 8 nº 06 (Manga Shonen),,,9 anos ou mais,0.0,,0.0,7.7,0.0
El monstruo de colores (edición pop-up) (POP UP Cuentos flamboyant) Edición en Español,4.9,3319.0, 2 - 4 anos,22.0,Inglés,,,
Cuentos para 1 año (6 cuentos),4.6,393.0, 1 - 2 anos,48.0,,5.76,0.0,0.0
Mi libro de olores y colores. Las frutas,4.7,271.0, 1 - 2 anos,16.0,,10.6,0.0,0.0
"Adiós, enfado. ¡Hola, calma!: El bosque de las emociones/ The Forest of Emotions",4.7,313.0, 3 - 5 anos,32.0,,,,
Cuentos Clásicos (Cuentos clásicos con pictogramas),4.5,2168.0, 2 - 4 anos,24.0,Español,1.99,0.0,0.0
ARTA en el apocalipsis máximo (Arta Game 1) (Lo más visto),4.7,1407.0, 8 - 11 anos,160.0,,0.0,0.0,6.64
1 Curiosidad por día - 366 curiosidades del mundo para leer en familia: Libro para niños y niñas a partir de 6 años que quieren aprender cada día algo ... (Un día sin una sonrisa es un día perdido),4.4,412.0, 6 - 9 anos,,Español,,,
Aprender a leer en la Escuela de Monstruos 7 - Pedos como truenos: En letra MAYÚSCULA para aprender a leer (Libros para niños a partir de 5 años) (Montena),4.8,174.0, 4 - 6 anos,48.0,,0.0,0.0,3.32
"Pensar rápido, pensar despacio: 320 (Ensayo | Psicología)",4.5,3643.0,1 ano ou mais,672.0,Español,,,
El hilo invisible: Un cuento sobre los vínculos que nos unen (B de Blok),4.8,824.0, 3 - 6 anos,64.0,Español,0.0,0.0,8.54
Un beso antes de dormir [Español],4.5,1679.0, 1 - 2 anos,0.0,,185.11,9.64,0.0
Aprender a leer en la Escuela de Monstruos 3 - Las iguales son especiales: En letra MAYÚSCULA para aprender a leer (Libros para niños a partir de 5 años) (Montena),4.8,253.0, 5 - 6 anos,48.0,,0.0,0.0,3.32
Las madres (La novia gitana 4) (Alfaguara Negra),4.4,7869.0, 13 anos ou mais,464.0,,0.0,0.0,0.0
25 Cuentos Clásicos,4.6,843.0, 2 - 5 anos,464.0,Español,,,
Policán: 1,4.7,420.0, 6 - 9 anos,232.0,,12.09,0.0,6.64
Aprender a leer en la Escuela de Monstruos 4 - Grandes pinreles: En letra MAYÚSCULA para aprender a leer (Libros para niños a partir de 5 años) (Montena),4.9,232.0, 4 - 6 anos,48.0,,0.0,0.0,3.32
Mi primera comunión (Album de recuerdos),4.6,262.0, 8 - 10 anos,40.0,,13.16,0.0,0.0
Mi primera comunión (Album de recuerdos),4.6,262.0, 8 - 10 anos,40.0,,13.16,0.0,0.0
Anna Kadabra 1. El Club de la Luna Llena,4.8,1147.0, 6 - 9 anos,128.0,,,,
Cuentos para 3 años (6 cuentos),4.5,233.0, 2 - 3 anos,48.0,Español,5.76,0.0,0.0
El pollo Pepe (El pollo Pepe y sus amigos),4.7,1589.0,,10.0,Español,12.54,0.0,0.0
Aprender a leer en la Escuela de Monstruos 5 - Pasteles voladores de colores: En letra MAYÚSCULA para aprender a leer (Libros para niños a partir de 5 años) (Montena),4.8,198.0, 5 - 6 anos,48.0,,0.0,0.0,3.32
"Las Ratitas 1. Tres, dos, uno... ¡superpoderes! (Jóvenes influencers)",4.7,2286.0, 5 - 7 anos,144.0,,0.0,0.0,3.79
Sapiens. De animales a dioses: Breve historia de la humanidad,4.6,16613.0, 13 anos ou mais,496.0,,,,
200 HECHOS INCREÍBLES: Curiosidades Fascinantes para Niños Inteligentes que Quieren Descubrir el Mundo,4.5,205.0, 8 - 10 anos,140.0,,0.0,0.0,0.0
Las aventuras de Dani y Evan. El secreto de los dinosaurios (Jóvenes influencers),4.7,1933.0, 5 - 7 anos,144.0,,0.0,0.0,3.79
Emocionario (SIN COLECCION),4.7,1378.0, 5 anos ou mais,96.0,Español,,,
"Eres una Chica Increíble: Un libro infantil especial sobre la valentía, la fuerza interior y la autoestima para niñas maravillosas como tú",4.7,223.0, 7 - 9 anos,105.0,Español,,,
Aprender a leer en la Escuela de Monstruos 8 - Emociones de colores: En letra MAYÚSCULA para aprender a leer (Libros para niños a partir de 5 años) (Montena),4.9,135.0, 4 - 5 anos,48.0,,,,
Atlas de fútbol (SIN COLECCION),4.5,245.0, 8 - 10 anos,96.0,Español,,,
Pepo y su orinal (Castellano - A PARTIR DE 0 AÑOS - PROYECTO DE 0 A 3 AÑOS - Libros emocionales),4.6,1327.0, 2 anos ou mais,32.0,Español,7.7,0.0,0.0
Los Once 5. El lateral izquierdo más rápido del mundo,4.0,2.0,9 anos ou mais,320.0,,0.0,12.3,6.64
"El libro dejachupetes (Grandes pasitos. Álbum ilustrado) (Emociones, valores y hábitos)",4.4,363.0, 2 - 3 anos,24.0,,9.64,0.0,4.74
101 casos extraordinarios para resolver en 5 minutos (Serie ¿Quién ha sido? 1),4.5,1291.0, 7 - 10 anos,192.0,,0.0,12.54,0.0
ARTA y la invasión máxima (Arta Game 2) (Lo más visto),4.7,585.0, 8 - 11 anos,192.0,,,,
El tesoro del pirata: En letra MAYÚSCULA y de imprenta: libros para niños de 5 y 6 años (Aprender a leer en letra MAYÚSCULA e imprenta),4.5,1352.0, 4 - 6 anos,24.0,Español,,,
Amanda Black 1 - Una herencia peligrosa (Escritura desatada),4.8,930.0, 9 - 11 anos,192.0,,,,
Policán 4: Policán y Chikigato: Polican y Chikigato,4.9,282.0, 6 - 9 anos,256.0,,0.0,0.0,6.64
Anna Kadabra 11. La feria de las sombras,4.7,52.0,6 anos ou mais,128.0,,0.0,0.0,6.64
Aprender a leer en la Escuela de Monstruos 10 - Dame helado o me deshago: En letra MAYÚSCULA para aprender a leer (Libros para niños a partir de 5 años) (Montena),4.7,18.0,4 anos ou mais,48.0,,0.0,0.0,3.32
Unicornia 3 - Un reto mágico (Montena),4.8,109.0,7 - 8 anos,128.0,,0.0,0.0,5.69
Anna Kadabra 5. La Isla de las Mascotas,4.8,496.0, 6 - 9 anos,128.0,,0.0,0.0,0.0
Animales (Mi primer libro con solapas),4.6,91.0, 1 ano ou mais,12.0,Español,,,
Tu cuerpo mola: Aprende a descubrirlo (Menstruita),4.7,181.0, 8 - 12 anos,160.0,,0.0,0.0,6.64
"JUEGOS Y PASATIEMPOS PARA NIÑOS 4-7 AÑOS: +140 JUEGOS EN COLOR. Lógica y enigmas, crucigramas, laberintos, intrusos, diferencias, rompecabezas, une los puntos y mucho más!",4.5,12.0,2 - 11 anos,94.0,Español,0.0,10.6,0.0
Enciclopedia Pokémon (Colección Pokémon),4.6,47.0,7 anos ou mais,336.0,Español,,,
Compas 8. Los Compas y la aventura en miniatura (4You2),4.8,316.0, 8 - 10 anos,224.0,,0.0,0.0,0.0
Policán 2: Situación desesperrada,4.8,381.0, 6 - 8 anos,232.0,,0.0,0.0,6.64
1 Chiste por día - 366 chistes para leer en familia: Chistes infantiles de humor apto para niños y niñas. Divertidos y fáciles de entender para echar ... (Un día sin una sonrisa es un día perdido),4.4,874.0, 6 - 9 anos,132.0,,0.0,0.0,0.0
Unicornia 4 - Unos cupcakes increíbles (Montena),4.7,46.0,7 - 10 anos,128.0,,0.0,0.0,5.69
A veces mamá tiene truenos en la cabeza: 132 (Álbumes ilustrados),4.8,524.0, 3 - 6 anos,24.0,Español,15.95,0.0,0.0
La Historia Interminable (Alfaguara Clásicos),4.7,1267.0, 9 anos ou mais,496.0,Español,0.0,0.0,0.0
Policán 10: Madres Borrascosas,5.0,24.0,6 - 9 anos,224.0,,12.09,0.0,6.64
"De mayor quiero ser... feliz 2: 6 cuentos cortos para potenciar la positividad y autoestima de los niños (Emociones, valores y hábitos)",4.8,846.0, 4 - 7 anos,128.0,,0.0,0.0,6.64
Un cuento para cada letra. Aprende las 29 letras y sonidos del abecedario (Cuentos de letras),4.7,594.0, 3 - 5 anos,360.0,Español,19.31,0.0,0.0
Las aventuras de Dani y Evan 7. La puerta del tiempo (Jóvenes influencers),4.7,43.0,6 anos ou mais,144.0,,12.54,0.0,6.64
Elmer. Libro de cartón - Mi primer Elmer (Pequeñas manitas),4.7,262.0, 1 - 2 anos,10.0,,0.0,10.6,0.0
Cuaderno de Caligrafía Anti-Aburrimiento con Pauta Montessori: Libro de Caligrafía Divertida con Adivinanzas en Letra Ligada Escolar para Niños y Niñas de Primaria.,4.6,110.0,0 - 11 anos,110.0,Español,0.0,7.12,0.0
Compas 1. Los Compas y el diamantito legendario (nueva presentación) (4You2),4.7,4460.0, 7 - 10 anos,240.0,,0.0,0.0,0.0
Cuentos Clásicos (Cuentos clásicos con pictogramas) [Español],4.5,2551.0, 2 - 5 anos,24.0,Inglés,2.8,0.0,0.0
A dormir con Ted: 1 (Mi amigo Ted),4.4,76.0, 1 - 3 anos,10.0,Español,,,
"Nunca Dejes de Soñar: Historias inspiradoras de chicos únicos y maravillosos sobre el valor, la confianza en sí mismos y el potencial que encierran ... sueños (Libros Motivadores para Niños)",4.5,428.0, 6 - 9 anos,109.0,,,,
Cuentos Clásicos (Cuentos clásicos con pictogramas),4.6,1007.0, 2 - 5 anos,24.0,Español,2.8,0.0,0.0
Cuentos Clásicos (Cuentos clásicos con pictogramas),4.6,1007.0, 2 - 5 anos,24.0,Español,2.8,0.0,0.0
Diario de Greg 2 : la ley de Rodrick (Universo Diario de Greg),4.7,2181.0, 9 - 12 anos,240.0,,0.0,0.0,6.64
El día que se perdió la cordura (Best Seller),4.0,14676.0,1 ano ou mais,456.0,,,,
Unicornios (Mi primer libro de pegatinas),4.5,168.0, 2 - 4 anos,8.0,Español,0.0,1.98,0.0
Isadora Moon va de excursión (Isadora Moon 2): ¡Un libro mágico con purpurina en cubierta! (Harriet Muncaster),4.8,760.0,,0.0,,,,
Mis bendiciones (Cajitas religiosas),4.7,233.0, 3 - 9 anos,40.0,Español,0.0,3.81,0.0
Mi primer libro para colorear: 100 imágenes fáciles y divertidas de objetos cotidianos y animales para colorear para niños a partir de 1 año.,4.6,184.0, 1 - 3 anos,102.0,Español,,,
Policán 3: Historia de dos mininos,4.8,322.0, 6 - 9 anos,256.0,,,,
Deberes de vida: La lista de tareas para aprender a disfrutar de la vida (No ficción ilustrados),4.6,55.0,7 anos ou mais,128.0,Español,0.0,13.95,0.0
Leotube 5. La maldición de Tutanpedón (Jóvenes influencers),5.0,1.0,6 anos ou mais,80.0,,13.25,0.0,6.64
Un besito y ¡a dormir!: 1 (Los Dudús),4.7,1250.0, 2 - 3 anos,14.0,Español,,,
Anna Kadabra 3. Un monstruo en la bañera,4.8,709.0, 7 - 9 anos,128.0,,,,
"La Leyenda de los Xilem. El Renacer: un libro de magia y música, lleno de criaturas fantásticas y misterios. (ILUSTRACIONES EN BLANCO Y NEGRO)",4.6,76.0, 9 - 12 anos,170.0,Español,0.0,0.0,0.0
La joya interior (Colección Anna Llenas) (Lumen Ilustrados),4.8,151.0,7 - 8 anos,60.0,Español,24.16,0.0,6.64
Mis primeras canciones en inglés (Libros con sonido) (Edición en Español),4.5,698.0, 1 - 2 anos,12.0,Español,,,
200 Actividades para Educación Infantil - Libro de Actividades para Niños: Más de 200 Páginas de Juegos y Ejercicios Educativos para Aprender Divirtiéndose | Edad Preescolar 3-6 Años,4.5,188.0, 3 - 5 anos,203.0,Español,,,
200 Actividades para Educación Infantil - Libro de Actividades para Niños: Más de 200 Páginas de Juegos y Ejercicios Educativos para Aprender Divirtiéndose | Edad Preescolar 3-6 Años,4.5,188.0, 3 - 5 anos,203.0,Español,,,
Mi gran libro de experimentos (El Gran Libro De...),4.6,1114.0, 6 - 8 anos,120.0,Español,,,
Harry Potter y la Orden del Fénix,4.8,2858.0,8 - 12 anos,1025.0,,,,
"El Misterio de la Tundra: (El Sendero del Guardabosques, Libro 3)",4.6,1096.0,11 - 18 anos,501.0,,0.0,0.0,0.0
Aprender a leer en la Escuela de Monstruos 9 - Torpón y bonachón: En letra MAYÚSCULA para aprender a leer (Libros para niños a partir de 5 años) (Montena),4.7,44.0,4 - 6 anos,48.0,,0.0,0.0,3.32
Harry Potter y la cámara secreta (Harry Potter [edición MinaLima] 2):,4.9,1193.0, 12 anos ou mais,400.0,,,,
Harry Potter y la cámara secreta,4.8,5833.0, 9 anos ou mais,361.0,,0.0,0.0,0.0
Invisible (Colección Cuentos para contar entre dos),4.8,126.0, 4 - 6 anos,48.0,,,,
Las aventuras de Dani y Evan. La isla de los pterosaurios (Jóvenes influencers),4.8,907.0, 5 - 7 anos,144.0,,12.54,0.0,6.64
Harry Potter y el cáliz de fuego,4.8,2957.0,8 - 12 anos,750.0,,0.0,0.0,0.0
Dinosaurios (Libro linterna),4.6,821.0, 4 - 6 anos,12.0,,0.0,12.54,0.0
La verdad sobre el caso Harry Quebert (Best Seller),4.4,11119.0, 13 anos ou mais,800.0,,,,
Dragon Ball Heroes Universe Big Bang Mission nº 01/03 (Manga Shonen),,,9 anos ou mais,200.0,,0.0,6.73,0.0
Resetea tu mente. Descubre de lo que eres capaz (F. COLECCION),4.5,869.0,1 ano ou mais,224.0,Español,0.0,0.0,10.44
1 Curiosidad por día - 366 curiosidades del mundo para leer en familia: Libro para niños y niñas a partir de 6 años que quieren aprender cada día algo nuevo y sorprendente sobre el mundo.,4.4,412.0, 6 - 9 anos,134.0,,,,
Los números pegatinas didácticas,4.7,24.0,3 anos ou mais,8.0,,0.0,1.88,0.0
Pocoyó. Vocales: Con divertidos relieves,4.7,272.0, 1 - 3 anos,12.0,,0.0,3.83,0.0
Tinc Un Volcà (Caleta),4.8,580.0, 3 - 5 anos,26.0,,0.0,0.0,7.59
Todo lo que sé sobre el amor (Novela),4.1,345.0,1 ano ou mais,384.0,Español,0.0,0.0,0.0
Anna Kadabra 6. Pasteles peligrosos,4.9,388.0, 7 - 9 anos,128.0,,,,
Actividades para mentes rápidas. 5 - 6 años (APRENDO EN CASA),4.7,280.0, 4 - 5 anos,56.0,Español,,,
Cómo enseñar a tu cocodrilo a lavarse los dientes (Castellano - A PARTIR DE 0 AÑOS - PROYECTO DE 0 A 3 AÑOS - Libros para desarrollar el lenguaje),4.7,536.0, 1 - 2 anos,18.0,Español,,,
Pokémon Súper Extra Delux Guía esencial definitiva (Colección Pokémon),4.7,1474.0, 6 - 9 anos,576.0,,,,
Pocoyó. Números: Con divertidos relieves,4.7,340.0, 1 - 2 anos,12.0,Español,,,
"El Rey del Oeste: (El Sendero del Guardabosques, Libro 7)",4.7,845.0,11 - 18 anos,641.0,,,,
Rescatadoras de Unicornios 1 - Viaje al país de las sirenas: Del universo de Unicornia (Montena),5.0,9.0,7 anos ou mais,144.0,Español,,,
Animales,4.8,22.0,3 - 5 anos,48.0,Español,,,
¿Y tú cómo duermes? (SIN COLECCION),4.5,76.0,3 - 6 anos,14.0,Español,,,
¡Que llega el lobo!: 1 (Luciérnaga),4.8,696.0,,0.0,,,,
Daniela pirata (ESPAÑOL EGALITE),4.8,463.0, 3 - 5 anos,44.0,Español,,,
"Los cazamisterios 1 - El caso de las mascotas desaparecidas: Secretos, risas y detectives... ¿te unes al club? (Serie Misterio)",4.8,91.0,7 - 9 anos,128.0,,,,
Cuentos de animalitos,4.6,181.0, 1 - 5 anos,96.0,Español,,,
"LA PANDILLA DEL CAPITÁN MONDONGO: EL RESCATE DE PUERQUÍN 1: Ficción - Narrativa ilustrada. Aventura, valores, humor 7 a 11 años",4.4,89.0,7 - 11 anos,99.0,,,,
Cumplo 2 Años! (PICARONA),4.6,950.0, 2 anos ou mais,16.0,Español,,,
Mis 500 pegatinas. Me visto,4.6,36.0,3 - 5 anos,32.0,Inglés,,,
Haikyû!! nº 20 (Manga Shonen),,,8 anos ou mais,192.0,Español,,,
"I SPEAK ENGLISH! LIBRO PREESCOLAR MAXI: 110 páginas para aprender inglés. Alfabeto, números, formas, colores, palabras, juegos y muchas páginas para colorear. Para niños de 4 a 7 años",4.9,30.0,,0.0,Español,,,
Cómic Los Futbolísimos 1: El misterio de los árbitros voladores,4.5,32.0,6 - 12 anos,48.0,Español,,,
"YO CREO EN TI: Cuentos Ilustrados para Niños Fantásticos que Inspiran Valor, Confianza, Autoestima y Amor. ¡Descubre lo Único y Especial que Eres!",4.2,101.0, 4 - 9 anos,114.0,Español,,,
¡VACACIONES! Libro Preescolar para Niños 3-6 Años: Cuaderno de Vacaciones de Verano - 170 páginas con actividades y juegos educativos para aprender y divertirse,4.6,109.0, 3 - 5 anos,170.0,Español,,,
Monstruo Rosa: 1 (Premio Apila Primera Impresión),4.8,1196.0, 3 - 4 anos,36.0,Español,,,
La foto de los diez mil me gusta: 244 (El Barco de Vapor Roja),4.6,362.0,10 - 12 anos,144.0,Español,,,
Inteligencia emocional (Ensayo),4.4,1824.0,1 ano ou mais,514.0,,,,
No te comas este libro (4You2),4.6,20.0,8 anos ou mais,192.0,Español,0.0,17.28,0.0
Las Ratitas 7. Cupcakes con sorpresa (Jóvenes influencers),4.8,318.0, 7 - 9 anos,144.0,,14.47,0.0,6.64
"Soy más fuerte que la ansiedad: Libro infantil sobre la superación de las preocupaciones, el estrés y el miedo (El mundo de las emociones de los niños) (World of Kids Emotions)",4.5,153.0,2 - 9 anos,,Español,,,
Cien años de soledad (Contemporánea),4.5,13233.0,,0.0,,0.0,0.0,0.0
Yo Voy Conmigo,4.8,931.0, 5 - 9 anos,40.0,,0.0,0.0,0.0
"Mi primer libro de ciencia. El cuerpo (Castellano - A PARTIR DE 3 AÑOS - MANIPULATIVOS (LIBROS PARA TOCAR, JUGAR Y PINTAR), POP-UPS - Otros libros)",4.7,234.0, 3 - 4 anos,12.0,Español,13.5,0.0,0.0
Trolardy 4. Atrapados en la escuela (4You2),4.7,30.0,8 anos ou mais,192.0,,0.0,0.0,6.64
Cumplo 1 Año! (PICARONA),4.6,743.0, 1 ano ou mais,16.0,,4.72,0.0,0.0
One Piece nº 02 (3 en 1) (Manga Shonen),,,9 anos ou mais,568.0,,,,
¿Dónde está Wally? (Colección ¿Dónde está Wally?) (En busca de...),4.8,712.0, 4 - 7 anos,32.0,,,,
Hoy no juegas (EGALITE),4.7,78.0,4 - 8 anos,40.0,Español,,,
"Mi primer libro de ciencia. El espacio (Castellano - A PARTIR DE 3 AÑOS - MANIPULATIVOS (LIBROS PARA TOCAR, JUGAR Y PINTAR), POP-UPS - Otros libros)",4.8,354.0, 3 - 4 anos,12.0,Español,,,
Mi primer Beethoven (Libros con sonido),4.7,590.0, 1 - 2 anos,12.0,Español,,,
Elmer (Álbum ilustrado) [Español],4.8,1671.0, 3 - 4 anos,40.0,,,,
Mis 500 pegatinas. Policía y bomberos,4.6,58.0,3 - 5 anos,32.0,Inglés,,,
La pandilla de la ardilla 17. Una noche en el colegio (El Barco de Vapor Blanca),4.7,1023.0, 6 - 7 anos,64.0,,,,
One Piece nº 04: Luna creciente (Manga Shonen): Luna de tres días,4.8,390.0,9 anos ou mais,208.0,,,,
Amanda Black 4 - La Campana de Jade (Escritura desatada),4.7,333.0,9 - 12 anos,208.0,,,,
Momo (Colección Alfaguara Clásicos),4.8,763.0, 9 anos ou mais,320.0,Español,,,
El chiste del día: Una dosis diaria de humor. Libro de chistes para reírte a carcajadas: 365 chistes para partirse de risa: ¡Un chiste para cada día del año! Alegra tu día,2.9,7.0,5 - 18 anos,143.0,Español,,,
El Libro Negro de las Horas (Autores Españoles e Iberoamericanos),4.3,12095.0,1 ano ou mais,384.0,Castellano,,,
"La amabilidad me hace más fuerte: Libro infantil ilustrado sobre la magia de la amabilidad, la empatía y el respeto (El mundo de las emociones de los niños) (World of Kids Emotions)",4.5,421.0, 3 - 6 anos,,Español,26.12,0.0,0.0
El pez Arcoíris. Libro de cartón - El pez arcoíris (Pequeñas manitas),4.7,33.0,0 - 3 anos,14.0,Español,,,
Amanda Black 7 - El bastón del cuervo (Escritura desatada),4.6,83.0,9 anos ou mais,192.0,,0.0,0.0,4.74
Diario de Greg 16 - El número 1 (Universo Diario de Greg),4.7,480.0, 9 anos ou mais,224.0,,0.0,0.0,6.64
Tú y yo. El cuento más bonito del mundo (ALBUM),4.6,811.0, 3 - 6 anos,48.0,Español,16.36,0.0,0.0
Adivinanzas para leer antes de dormir (Pequeños curiosos),4.6,1033.0, 5 - 7 anos,256.0,Español,0.0,0.0,5.69
Adivinanzas para leer antes de dormir (Pequeños curiosos),4.6,1033.0, 5 - 7 anos,256.0,Español,0.0,0.0,5.69
Super Mario nº 01: Aventuras (Manga Kodomo),4.3,341.0, 6 - 10 anos,192.0,,0.0,7.7,0.0
Busca a las estrellas del fútbol,4.5,15.0,4 anos ou mais,32.0,Español,6.68,0.0,0.0
Los Futbolísimos 3: El misterio del portero fantasma,4.7,1209.0, 7 - 11 anos,312.0,,0.0,5.0,0.0
Spider-Man. Megalibro para colorear 2: Con pegatinas,4.8,9.0,3 anos ou mais,66.0,Español,0.0,7.68,0.0
Naciste para brillar: Inspirador libro infatil para potenciar la autoestima de las niñas. Perfecto para niñas a partir de 6 años. (Libros motivacionales para niños y niñas),4.3,611.0, 6 - 9 anos,104.0,,,,
Aprendo En Casa - Juegos Mentes Rápidas 3+,4.6,31.0,3 anos ou mais,56.0,Español,0.0,3.83,0.0
One Piece nº 03: Difícil de engañar,4.9,497.0,9 anos ou mais,208.0,,0.0,3.6,4.74
Princesas,4.7,83.0, 3 - 7 anos,96.0,Español,3.36,0.0,0.0
Anna Kadabra. Aventuras legendarias 1. El Valle de los Unicornios,4.9,123.0,7 anos ou mais,192.0,Español,0.0,0.0,4.74
Aprendre a llegir a l'Escola de Monstres 1 - Una mascota trapellota: Amb lletra MAJÚSCULA (Llibres per a nens a partir de 5 anys) (Montena),4.7,88.0,4 anos ou mais,48.0,Español,0.0,6.73,3.32
Isadora Moon celebra su cumpleaños (Isadora Moon 3): ¡Un libro mágico con purpurina en cubierta! (Harriet Muncaster),4.8,1090.0,,0.0,,0.0,0.0,3.79
Mi primer Busca las diferencias (MIS PRIMEROS...),4.8,180.0, 3 - 5 anos,64.0,,0.0,8.93,0.0
El Monstruo de Colores,4.8,1647.0,3 - 6 anos,44.0,Español,16.3,0.0,0.0
Los animales (Juega y descubre...),4.7,1166.0, 1 - 2 anos,12.0,Español,0.0,4.79,0.0
"Jugones: Conoce los secretos de Messi, Cristiano, Pelé o Maradona para llegar a ser como ellos (La Esfera Kids)",4.6,55.0,8 - 14 anos,176.0,Español,0.0,0.0,0.0
Ten Timid Ghosts (Read With Me Paperbacks),4.7,5173.0, 3 - 6 anos,32.0,,0.0,0.0,0.0
Anna Kadabra 10. La llamada de las sirenas,4.8,213.0, 7 - 9 anos,128.0,,0.0,9.95,4.74
Marcus Pocus 3. La maldición de los elfos,4.8,44.0,6 anos ou mais,128.0,,0.0,0.0,4.74
"Eres Especial y Puedes Hacer Cosas Extraordinarias: Un pequeño gran libro para niños y niñas que inspira el valor, la autoestima y la fuerza para ser uno ... sueños (Cuentos Infantiles 4-10 Años nº 1)",4.5,175.0, 5 - 10 anos,81.0,,0.0,11.8,0.0
Soy más fuerte que la ira: Libro ilustrado acerca del manejo de la ira y cómo lidiar con las emociones de los niños (El mundo de las emociones y ... (Spanish Edition) (World of Kids Emotions),4.3,795.0, 4 - 8 anos,32.0,Español,0.0,0.0,0.0
Sexualidad contada para Niños y niñas (Mi primer libro de...),4.6,184.0,8 anos ou mais,96.0,Español,11.56,0.0,0.0
Animalotes 1 y 2: El comienzo / Misión implumable (CÓMIC - Animalotes),4.7,176.0, 6 - 9 anos,288.0,,,,
La pequeña oruga glotona grande tapa dura: La pequena oruga glotona (ERIC CARLE),4.5,619.0, 1 - 4 anos,32.0,Español,14.52,0.0,0.0
Diario de Greg 17 - Dando la nota (Universo Diario de Greg),4.8,166.0,7 anos ou mais,224.0,Español,0.0,0.0,6.64
¡Final de Supercopa... en Ratonia!: Geronimo Stilton 65,4.7,131.0,7 - 9 anos,128.0,,0.0,0.0,3.79
Pack La Rana Ramona (El pollo Pepe y sus amigos),4.8,431.0, 1 - 2 anos,10.0,,,,
Kaiju 8 nº 05 (Manga Shonen),5.0,12.0,9 anos ou mais,200.0,,,,
Los tres cerditos (Pop-up de cuento): Con Pop-Up en cada página para niños y niñas,4.1,16.0,0 - 3 anos,8.0,Español,,,
Pack Harry Potter - La serie completa,4.7,2072.0, 11 anos ou mais,320.0,Español,,,
Un bicho extraño (libros para soñar),4.7,537.0, 2 - 4 anos,14.0,Español,,,
El hilo invisible (Pequeñas manitas) (B de Blok),4.8,824.0, 3 - 6 anos,26.0,Español,,,
"Aprender a leer en la Escuela de Monstruos 11 - Primer día, ¡qué alegría!: En letra MAYÚSCULA para aprender a leer (Libros para niños a partir de 5 años) (Montena)",,,,48.0,Español,,,
"El monstruo de colores (edición álbum ilustrado, no versión pop-up) (SIN COLECCION)",4.7,2089.0, 2 - 4 anos,44.0,Español,,,
Gravity Falls. Diario 3 (Disney. Gravity Falls),4.7,1430.0, 8 - 11 anos,296.0,Español,,,
One Piece nº 005: Por quién doblan las campanas (Manga Shonen),4.8,331.0,9 anos ou mais,192.0,,,,
"LIBRO PREESCOLAR 3-6 AÑOS MAXI: +200 actividades. Ejercicios educativos para niños, enigmas y juegos, escribir letras y números, aprender a dibujar, laberintos, muchas páginas para colorear",4.9,24.0,2 - 11 anos,170.0,Español,,,
"El Gran Consejo: (El Sendero del Guardabosques, Libro 10)",4.8,764.0,11 - 18 anos,,Español,,,
"¡Adiós, pañal! ¡Hola, orinal! (Crece con Lola) (Imprescindibles)",,,0 - 3 anos,32.0,Español,0.0,0.0,4.74
Five Nights at Freddy's. El parque de bolas (Escalofríos de Fazbear 1) (Roca Juvenil),4.6,173.0,9 anos ou mais,224.0,,17.23,0.0,7.59
"La Santa Biblia, surtido: colores aleatorios (letra grande) (Biblias (san Pablo))",4.5,119.0,9 anos ou mais,2016.0,Español,,,
Cuentos para niños de cuatro años,4.6,435.0, 3 - 4 anos,48.0,,5.8,0.0,0.0
Diario de Greg 8: Mala suerte (Universo Diario de Greg),4.7,1697.0, 9 - 12 anos,224.0,,0.0,0.0,6.64
Últimos días en Berlín: Finalista Premio Planeta 2021 (Autores Españoles e Iberoamericanos),4.5,11116.0, 13 anos ou mais,648.0,Español,0.0,0.0,9.49
La aventura de los Balbuena en el futuro: 15 (Los Forasteros del Tiempo),4.7,4.0,10 - 12 anos,296.0,,0.0,12.54,6.64
Superpatata: El origen de Superpatata (MAMUT 6+),4.7,749.0, 6 - 7 anos,56.0,,0.0,9.68,0.0
Las Ratitas 9. La cabaña embrujada (Jóvenes influencers),,,6 anos ou mais,144.0,,0.0,0.0,6.64
"Adiós, miedo. ¡Hola, seguridad! (El bosque de las emociones)",4.7,144.0, 3 - 5 anos,32.0,,5.76,0.0,0.0
Policán 9: Crimen y gatito,4.8,117.0,6 - 9 anos,240.0,,0.0,0.0,6.64
Naruto nº 02/72 (Manga Shonen),4.7,1113.0, 10 - 12 anos,0.0,,0.0,4.12,4.74
El cuadrante del flujo de dinero: Guía del padre rico para la libertad financiera (Clave),4.6,1746.0,,0.0,,0.0,0.0,5.69
El Principito (Pop-Up),4.8,586.0, 3 anos ou mais,64.0,Español,,,
Abremente (5-6 Años): 150 Preguntas Y Respuestas En Imagenes (INFANTIL),4.7,451.0,,0.0,,0.0,7.23,0.0
Lo quiero todo (Colección Cuentos para contar entre dos) (Edición en Español),4.7,131.0, 4 - 7 anos,48.0,,0.0,0.0,4.74
Compas 5. Los Compas perdidos en el espacio (4You2),4.8,2346.0, 8 - 10 anos,224.0,,,,
Taller de la calma. Mandalas maravillosos (Castellano - A PARTIR DE 6 AÑOS - LIBROS DIDÁCTICOS - Taller de la calma),4.6,315.0,6 - 8 anos,32.0,,,,
Compas 7. Los Compas vs. hackers (4You2),4.8,653.0, 8 - 11 anos,224.0,,,,
Las emociones de Gastón. ¡Tengo una rabieta! (Castellano - A PARTIR DE 3 AÑOS - LIBROS DIDÁCTICOS - Libros de emociones),4.6,185.0,,0.0,,,,
"La Reina Turquesa: (El Sendero del Guardabosques, Libro 8)",4.7,864.0,11 - 18 anos,523.0,,,,
"MM My Hero Academia nº 01 1,95 (Manga Manía)",4.7,476.0, 9 anos ou mais,192.0,Español,0.0,1.89,0.0
My Hero Academia nº 34 (Manga Shonen),4.9,13.0,9 anos ou mais,192.0,,0.0,7.7,0.0
El dragón que no tenía fuego: En letra MAYÚSCULA y de imprenta: En letra MAYÚSCULA y de imprenta: libros para niños de 5 y 6 años: 4 (Aprender a leer en letra MAYÚSCULA e imprenta),4.6,894.0, 5 - 6 anos,24.0,Español,0.0,6.77,0.0
Harry Potter and the Philosopher's Stone (English Edition),4.7,101753.0,8 anos ou mais,345.0,,18.3,0.0,0.0
Itarte Vlogs Family 1.Superaventura en familia (Jóvenes influencers),4.6,702.0, 6 - 8 anos,160.0,,16.41,0.0,3.79
Ya sé colorear 2-3 años,4.4,13.0,2 anos ou mais,16.0,Español,0.0,2.19,0.0
"EL GRAN LIBRO DEL ORIGAMI: Manualidades para adultos y niños - Mejorar la motricidad con papiroflexia creativa de diferentes niveles - Con aviones de papel, dragones y mucho más",4.2,171.0, 8 anos ou mais,149.0,Español,,,
El libro inquieto (INFANTIL JUVENIL),4.7,543.0, 3 - 4 anos,80.0,Español,14.52,0.0,0.0
El perro López (El pollo Pepe y sus amigos),4.5,378.0, 2 - 3 anos,0.0,,12.54,0.0,0.0
"Eres una Chica Fantástica: Una colección de historias inspiradoras sobre el valor, la amistad, la fuerza interior y la autoconfianza (Libros Motivadores para Niños)",4.6,440.0, 6 - 10 anos,116.0,,0.0,0.0,0.0
Método Montessori: La mejor guía para hacer crecer a tu bebé de 0 a 3 años de forma saludable. Estimule su mente con más de 125 actividades sensoriales y de desarrollo práctico,4.6,420.0,0 - 3 anos,186.0,Español,0.0,20.35,0.0
Cuaderno rubio iniciacion a la lectura + 5 años,4.5,1028.0,,0.0,,,,
Un Dinosaurio Despistado: Leer Con Susaeta - Nivel 0 (Aprendo a LEER con Susaeta - nivel 0),4.6,1259.0, 3 - 5 anos,32.0,,,,
"Cuidado con la princesa pirata: Libro emocionante de aventuras, 3-6 años, letra de imprenta; contar a partir de 3 años, leer a partir de 6; texto rimado, divertido (SIN COLECCION)",5.0,1.0,3 anos ou mais,32.0,Español,,,
YoSoyPlex en el fin del mundo (Las Aventuras de Plex 2) (Lo más visto),4.6,86.0,7 anos ou mais,160.0,,,,
